Northeast Asia LDPE Quarterly Supply/Demand,Nameplate,QUARTERLY
Northeast Asia LDPE Quarterly Supply/Demand,Nameplate,MONTHLY
Northeast Asia LDPE Quarterly Supply/Demand,Operating Rate (%),QUARTERLY
Northeast Asia LDPE Quarterly Supply/Demand,Operating Rate (%),MONTHLY
Northeast Asia LDPE Quarterly Supply/Demand,Production,QUARTERLY
Northeast Asia LDPE Quarterly Supply/Demand,Production,MONTHLY
Northeast Asia LDPE Quarterly Supply/Demand,Imports,QUARTERLY
Northeast Asia LDPE Quarterly Supply/Demand,Imports,MONTHLY
Northeast Asia LDPE Quarterly Supply/Demand,Total Supply,QUARTERLY
Northeast Asia LDPE Quarterly Supply/Demand,Total Supply,MONTHLY
Northeast Asia LDPE Quarterly Supply/Demand,Film & Sheet,QUARTERLY
Northeast Asia LDPE Quarterly Supply/Demand,Film & Sheet,MONTHLY
Northeast Asia LDPE Quarterly Supply/Demand,Injection Molding,QUARTERLY
Northeast Asia LDPE Quarterly Supply/Demand,Injection Molding,MONTHLY
Northeast Asia LDPE Quarterly Supply/Demand,Pipe & Extrusion,QUARTERLY
Northeast Asia LDPE Quarterly Supply/Demand,Pipe & Extrusion,MONTHLY
Northeast Asia LDPE Quarterly Supply/Demand,Extrusion Coating,QUARTERLY
Northeast Asia LDPE Quarterly Supply/Demand,Extrusion Coating,MONTHLY
Northeast Asia LDPE Quarterly Supply/Demand,Blow Molding,QUARTERLY
Northeast Asia LDPE Quarterly Supply/Demand,Blow Molding,MONTHLY
Northeast Asia LDPE Quarterly Supply/Demand,Wire & Cable,QUARTERLY
Northeast Asia LDPE Quarterly Supply/Demand,Wire & Cable,MONTHLY
Northeast Asia LDPE Quarterly Supply/Demand,Other,QUARTERLY
Northeast Asia LDPE Quarterly Supply/Demand,Other,MONTHLY
